x_coord,y_coord,sale_price,predicted,residual,residual_type
2672174.72216989,245084.79846829,10.20121896084091,11.890707666367362,1.6894887055264523,Overpredicted
2694025.16993873,250803.84247638,10.12667110305036,11.440605980166282,1.3139348771159227,Overpredicted
2702078.78375272,263267.36479338,15.01860327512709,11.617871498886213,-3.4007317762408764,Underpredicted
2689643.35324307,226480.20936522,13.34550852871726,12.07128828899574,-1.2742202397215205,Underpredicted
2672769.48279139,239713.26590429,15.444751293772969,11.717244938554487,-3.727506355218482,Underpredicted
2671930.2187219,241611.78474505,15.444751293772969,11.838694631373684,-3.6060566623992845,Underpredicted
2693940.23966239,248900.00638905,10.23462415135353,11.525290770214893,1.290666618861362,Overpredicted
2699426.02331023,265261.3053593,9.210440366976515,11.893009677579117,2.6825693106026023,Overpredicted
2680385.57287414,242265.03573513,10.564653749740897,11.900029901488606,1.3353761517477096,Overpredicted
2694761.16977906,253831.11594938,9.648659816955297,11.236839105548206,1.5881792885929098,Overpredicted
2674830.63122815,268290.85113746,11.264476926102368,12.582021470325966,1.3175445442235976,Overpredicted
2707306.04659215,247550.73776214,10.308985993422082,12.285978701140133,1.9769927077180505,Overpredicted
2709920.85369848,253864.84422839,10.165890277802454,11.485913845409522,1.320023567607068,Overpredicted
2700189.21043214,258378.09701288,13.618200431681036,11.79384880896475,-1.8243516227162857,Underpredicted
2708265.54336081,256269.80726622,10.714439990727769,11.928782280757536,1.2143422900297676,Overpredicted
2689255.3710794,251411.1027448,9.210440366976515,11.299194161525204,2.0887537945486887,Overpredicted
2696677.62952881,252270.21093471,9.210440366976515,11.188586193634881,1.9781458266583662,Overpredicted
2693767.54151697,249520.56420305,15.048726872113876,11.46463793576319,-3.584088936350687,Underpredicted
2703833.99316882,268703.9500488,9.908524844053396,11.72830396413682,1.8197791200834246,Overpredicted
2699544.05555448,253782.2476088,9.210440366976515,11.283907673324638,2.073467306348123,Overpredicted
2712202.40655006,255412.48549005,15.01860327512709,11.912417172633397,-3.1061861024936928,Underpredicted
2689442.46716189,252401.19262813,9.61587214452889,11.00435466020329,1.3884825156744007,Overpredicted
2692755.53402656,263839.73733629,14.420919370067592,11.881187129526985,-2.539732240540607,Underpredicted
2703313.9807574,268090.83841413,9.770013301136158,11.780136619796123,2.0101233186599643,Overpredicted
2702226.76705256,255037.31957372,12.84703666220191,11.417999393002715,-1.4290372691991955,Underpredicted
2695461.28976989,261795.24995546,13.45883704259595,11.495487395115422,-1.9633496474805288,Underpredicted
2675173.71879657,239261.48957688,10.5713425658087,11.779667777569752,1.2083252117610517,Overpredicted
2691227.71195097,262663.23673655,10.203629181337648,11.77374914424125,1.5701199629036022,Overpredicted
2685617.39541572,258256.37415922,11.187209175200516,12.47561885086398,1.2884096756634627,Overpredicted
2695365.76141764,260127.93865755,9.90353755128617,11.319343900676225,1.4158063493900546,Overpredicted
2687438.57943739,249195.51957755,10.915106645867503,12.158548528578276,1.2434418827107727,Overpredicted
2706340.74996631,261960.08558381,9.305741456739437,11.801296061858507,2.49555460511907,Overpredicted
2674631.74907997,238459.01939705,10.882584055202674,12.063447124882,1.1808630696793259,Overpredicted
2713418.07537857,258730.29315889,10.59665973278358,11.807146963519127,1.2104872307355468,Overpredicted
2693825.3324119,250865.58185421,10.203629181337648,11.4528682603274,1.249239078989751,Overpredicted
2674527.59476073,239722.57100379,10.308985993422082,11.694252996784693,1.3852670033626104,Overpredicted
2696189.83424456,226784.23894088,11.350418300109132,12.850488142630043,1.5000698425209116,Overpredicted
2692339.46563298,234801.21601713,14.437215978097797,13.213249511799903,-1.2239664662978935,Underpredicted
2675177.63972048,228081.98732963,12.9137586237112,11.634548794642626,-1.2792098290685736,Underpredicted
2674758.24292147,246393.24401413,10.59665973278358,11.902654538342006,1.3059948055584254,Overpredicted
2715630.75960147,260334.30241805,9.90353755128617,11.57508609746133,1.6715485461751598,Overpredicted
2693580.33618273,247120.37280922,15.516232738904357,12.48234627703794,-3.033886461866416,Underpredicted
2696424.15595439,261627.76702271,13.590864628645196,11.467775545947203,-2.1230890826979927,Underpredicted
2670023.21827081,241361.78786972,10.518700218288163,11.689811922887653,1.1711117045994897,Overpredicted
2694766.73636898,228646.99899489,9.798182590890704,12.84298727168169,3.0448046807909854,Overpredicted
2693589.27645355,247184.45306163,15.516232738904357,12.537710176937557,-2.9785225619668,Underpredicted
2673935.80985506,239402.36003006,10.463131911491969,11.60924973406878,1.1461178225768105,Overpredicted
2697528.23511106,256373.48947355,14.45736497045232,11.542225295895822,-2.9151396745564977,Underpredicted
2672996.76875414,226590.85415705,14.076500031686043,11.56733494243665,-2.509165089249393,Underpredicted
2690588.88514465,228642.50326897,10.817796321618973,12.43067074286712,1.6128744212481472,Overpredicted
2702567.71781422,252314.79385079,12.95141134195595,10.913563947728186,-2.0378473942277644,Underpredicted
2713523.04728147,258861.73843405,9.99884318585288,11.800250111360382,1.8014069255075018,Overpredicted
2693318.37378015,250904.9679303,10.434145214930489,11.61664679064776,1.1825015757172714,Overpredicted
2690638.59009773,250525.37682596,10.12667110305036,11.467350843591165,1.3406797405408053,Overpredicted
2685248.27771564,226747.84137589,10.59665973278358,11.94749784071013,1.350838107926549,Overpredicted
2692151.69107415,249044.90997063,15.01860327512709,11.479632910785728,-3.5389703643413615,Underpredicted
2694129.63331248,248881.6117408,9.210440366976515,11.388895605379142,2.178455238402627,Overpredicted
2671080.59148414,239632.19880922,13.30474659896364,12.014005069753336,-1.2907415292103028,Underpredicted
2678092.48658106,241273.3710518,10.12667110305036,11.61103294197395,1.48436183892359,Overpredicted
2676376.69637747,240984.75483114,10.373522431293592,11.774059297041518,1.4005368657479256,Overpredicted
2670138.02709632,236004.44556604,13.69334405393293,11.97147288298234,-1.7218711709505907,Underpredicted
2673247.79187414,224781.10088679,10.308985993422082,11.550358849376808,1.241372855954726,Overpredicted
2717081.06772448,259871.01856771,9.210440366976515,11.595915036448071,2.385474669471556,Overpredicted
2696200.33980098,261997.85486521,9.510519035757246,11.671240235093771,2.1607211993365247,Overpredicted
2677177.17049831,241481.77450638,10.308985993422082,11.686474109245152,1.3774881158230698,Overpredicted
2674060.5628864,242959.29418913,10.373522431293592,11.75040478944763,1.3768823581540381,Overpredicted
2679390.36981206,241834.38928671,10.12667110305036,11.769980868041781,1.6433097649914217,Overpredicted
2689775.10691656,271509.38210197,10.308985993422082,11.810172385783794,1.5011863923617117,Overpredicted
2691010.79637431,263948.22957338,11.289794413577894,12.446936672882302,1.1571422593044076,Overpredicted
2689113.13973656,229879.03721322,14.66495268918727,12.336541899297773,-2.3284107898894977,Underpredicted
2717332.14432207,257002.99116729,10.757924157061597,12.276643251726066,1.518719094664469,Overpredicted
2705652.32024081,253451.73973963,9.210440366976515,11.362538967348984,2.1520986003724687,Overpredicted
2702311.34201464,254341.86525597,12.84703666220191,11.41346234631588,-1.4335743158860303,Underpredicted
2702089.53405932,263648.30399214,10.236417809461043,11.813510263846243,1.5770924543852,Overpredicted
2698944.78641181,257311.35603613,10.192456296870509,11.639571934298175,1.4471156374276664,Overpredicted
2690485.6048394,271012.59864672,9.99884318585288,12.093348771460509,2.094505585607628,Overpredicted
2699587.77692373,258910.18879646,13.399996629152977,11.705372741613878,-1.6946238875390982,Underpredicted
2688474.26043689,227498.88219664,13.34550852871726,12.156469043605632,-1.1890394851116284,Underpredicted
2701448.33127348,255139.88498539,10.308985993422082,11.51587433686832,1.2068883434462379,Overpredicted
2692115.96115872,266293.70421313,10.463131911491969,11.669560340981846,1.2064284294898773,Overpredicted
2698532.86531964,257887.95396429,13.618200431681036,11.646112530249365,-1.9720879014316708,Underpredicted
2689876.04273832,248334.35692979,10.645448706505872,11.853875257953531,1.2084265514476584,Overpredicted
2677543.86530298,241529.53819038,13.30474659896364,11.683474548987448,-1.6212720499761915,Underpredicted
2692671.77697623,255413.01239188,10.261196961231647,11.421536473620467,1.1603395123888198,Overpredicted
2711872.36423114,249532.01496755,9.90353755128617,12.16181454606091,2.2582769947747394,Overpredicted
2674621.67724973,227523.33654405,12.7806530458862,11.520105131438502,-1.2605479144476988,Underpredicted
2691577.00160673,262511.17929788,10.434145214930489,12.088329521830667,1.654184306900179,Overpredicted
2673890.80764848,238902.31345797,15.444751293772969,11.792792144690807,-3.6519591490821615,Underpredicted
2688770.56758706,228430.69693404,12.409017571151187,13.565106776544722,1.1560892053935348,Overpredicted
2685922.54080281,257617.2300963,11.170449240431308,12.548449884247688,1.3780006438163799,Overpredicted
2701346.39545372,254960.02281229,12.95141134195595,11.27118173897965,-1.6802296029763006,Underpredicted
2698976.55701756,256899.3083038,9.952325334619427,11.495510965528437,1.5431856309090097,Overpredicted
2714954.85150447,260551.59299396,15.048726872113876,12.280771219161426,-2.76795565295245,Underpredicted
2687869.60875906,226621.06735122,9.869258360985468,12.099746686606956,2.2304883256214882,Overpredicted
2675086.74948232,227870.32567947,12.7806530458862,11.635314033193001,-1.1453390126931993,Underpredicted
2712129.43786398,255259.16722713,10.59665973278358,12.088459268977156,1.4917995361935752,Overpredicted
2673678.32972698,243681.85934505,15.444751293772969,11.622638937665355,-3.8221123561076134,Underpredicted
2673389.64395264,225554.0894983,9.61587214452889,11.582307237711088,1.9664350931821986,Overpredicted
2718795.36646123,254089.51503888,14.603968372873895,13.175685636513544,-1.4282827363603516,Underpredicted
2693813.97711964,266504.1394878,15.048726872113876,11.624399616888544,-3.4243272552253323,Underpredicted
2704334.47707598,252584.64534521,13.42986425349204,10.805993454500944,-2.6238707989910957,Underpredicted
2691041.12439765,266532.71653038,9.90353755128617,11.75405740188455,1.8505198505983795,Overpredicted
2676946.89930531,230410.18739763,10.59665973278358,11.727500147112211,1.130840414328631,Overpredicted
2691189.3554004,266282.74360514,10.915106645867503,12.053210689004816,1.1381040431373126,Overpredicted
2678407.03024331,230441.75032663,15.048726872113876,12.034881770010605,-3.0138451021032715,Underpredicted
2701565.3346484,253128.2252948,14.45736497045232,10.897851074675303,-3.559513895777016,Underpredicted
2674420.36269173,228202.40408355,15.048726872113876,11.60692280692055,-3.4418040651933257,Underpredicted
2699230.8314434,240061.72780579,12.130815551850676,13.47918435112267,1.348368799271995,Overpredicted
2674680.48225023,236449.1149523,15.444751293772969,11.758139983524607,-3.6866113102483613,Underpredicted
2698958.49799857,250358.64815679,9.798182590890704,11.466079418850404,1.6678968279596997,Overpredicted
2699818.59896864,259059.01592663,14.680541679094103,11.714881284654844,-2.9656603944392597,Underpredicted
2708150.93925931,258713.13308822,10.819798284210286,11.97447523458083,1.1546769503705434,Overpredicted
2695003.71358532,257606.76095714,9.61587214452889,11.56979282833932,1.9539206838104306,Overpredicted
2702834.26452523,261460.14202988,15.01860327512709,11.470751416694933,-3.547851858432157,Underpredicted
2698750.1808299,257499.46064679,13.399996629152977,11.632921452359135,-1.767075176793842,Underpredicted
2687323.19318523,246024.21883355,10.064798252418376,12.307790176416036,2.2429919239976606,Overpredicted
2694784.68580815,223155.47192022,11.002116507732016,12.155266288398026,1.153149780666011,Overpredicted
2700056.60997556,263043.53748514,14.66495268918727,11.640001120355308,-3.0249515688319626,Underpredicted
2674443.58246157,239830.06685179,15.444751293772969,11.762718205580121,-3.6820330881928474,Underpredicted
2695593.05131739,253789.89818405,9.39274525863144,11.337263034185298,1.9445177755538587,Overpredicted
2719319.69677739,259383.97689088,10.12667110305036,11.479952814824578,1.353281711774219,Overpredicted
2674497.73720889,230206.80132146,9.48804786328076,11.941042280308208,2.4529944170274476,Overpredicted
2679198.39283381,229440.58467805,9.648659816955297,11.635521667707714,1.9868618507524172,Overpredicted
2698752.36881764,257515.57380354,13.399996629152977,11.633114009810487,-1.7668826193424891,Underpredicted
2706234.2288539,260968.55311805,15.01860327512709,11.749520219406831,-3.269083055720259,Underpredicted
2675268.35771489,235798.7993238,9.90353755128617,11.940375063025252,2.0368375117390816,Overpredicted
2697419.84523597,256383.81097521,14.45736497045232,11.537101209946151,-2.9202637605061685,Underpredicted
2694195.57642207,250277.05875304,9.800956363888462,11.36157887363679,1.5606225097483275,Overpredicted
2690380.77794932,252955.16363305,14.680541679094103,11.068000829929854,-3.6125408491642492,Underpredicted
2698916.43180972,263316.90406439,14.680541679094103,11.893388012820674,-2.7871536662734293,Underpredicted
2678010.52250615,228736.38726754,9.792611856190192,11.71274300315736,1.9201311469671687,Overpredicted
2671928.54385647,241598.00458889,10.308985993422082,11.838700607260755,1.5297146138386726,Overpredicted
2673238.72824398,239144.76572897,15.444751293772969,11.759878726701253,-3.684872567071716,Underpredicted
2704680.71293207,250983.53503038,12.160033942617156,10.921448462061258,-1.2385854805558978,Underpredicted
2688809.29979306,247209.73581946,10.59665973278358,11.879876190672684,1.2832164578891039,Overpredicted
2700943.5327424,265356.79204497,9.90353755128617,11.717934365445233,1.8143968141590623,Overpredicted
2689077.98134232,251025.8357988,9.61587214452889,11.143118341139775,1.5272461966108857,Overpredicted
2690401.11353856,226474.52893038,9.90353755128617,12.446216254336004,2.542678703049834,Overpredicted
2718136.07151997,261382.04376088,10.59665973278358,11.80297358399609,1.20631385121251,Overpredicted
2684551.2072594,240684.45785955,10.62135173563291,11.98154846828105,1.3601967326481397,Overpredicted
2698784.3028089,268790.55945563,13.106583527876811,11.947110759380978,-1.1594727684958333,Underpredicted
2676211.66324298,228995.17612004,9.62251624577579,11.852691985127725,2.2301757393519352,Overpredicted
2703309.51587132,255120.17701955,9.61587214452889,11.441453808308518,1.8255816637796283,Overpredicted
2669467.67443439,240948.19912997,15.444751293772969,11.893759980226646,-3.550991313546323,Underpredicted
2686933.71955472,249344.50418772,10.491301994830229,12.010477310401011,1.5191753155707826,Overpredicted
2715885.37720248,260678.56550905,15.048726872113876,11.857675367609328,-3.191051504504548,Underpredicted
2674085.7813399,229128.99934322,13.42986425349204,11.695346074861988,-1.7345181786300525,Underpredicted
2675218.25971797,245548.01768622,15.444751293772969,11.779200827719324,-3.665550466053645,Underpredicted
2711121.7879764,257460.8878893,9.39274525863144,11.81924174889538,2.42649649026394,Overpredicted
2703673.31927755,253856.61786689,13.552508089888176,11.522324104198566,-2.030183985689611,Underpredicted
2694781.16252123,227083.06741147,10.59665973278358,12.631930433137583,2.035270700354003,Overpredicted
2687034.12453765,244553.63384822,11.326607934898927,12.748198947942944,1.4215910130440168,Overpredicted
2707987.71976948,250576.36688146,10.463131911491969,11.882977673468648,1.4198457619766796,Overpredicted
2696183.9595844,249176.3493403,9.90353755128617,11.386900205880979,1.4833626545948082,Overpredicted
2704533.01145582,251623.34543055,9.210440366976515,10.84705165766885,1.6366112906923345,Overpredicted
2693426.48511247,252593.44585255,10.16972890675306,11.354593036356338,1.1848641296032785,Overpredicted
2670752.25191773,234657.05193537,10.59665973278358,11.967919871733782,1.371260138950202,Overpredicted
2692216.4635824002,265598.32797922,14.680541679094103,11.628279960739114,-3.0522617183549894,Underpredicted
2712716.54200473,265487.14611496,10.819798284210286,11.979394939020876,1.1595966548105903,Overpredicted
2677143.82378022,232514.9417183,11.682676678340282,12.827987898590134,1.1453112202498517,Overpredicted
2675473.46655664,232736.97998813,10.463131911491969,11.908488320921194,1.445356409429225,Overpredicted
2709773.72013448,254084.12462972,9.90353755128617,11.491932490580085,1.5883949392939147,Overpredicted
2700312.28170832,258791.4305038,15.01860327512709,11.747233968577245,-3.271369306549845,Underpredicted
2745937.4604709,285630.61763896,9.546884034617923,12.609954124078747,3.0630700894608243,Overpredicted
2673421.63699889,239190.98873363,10.239995502805316,11.899362301792996,1.65936679898768,Overpredicted
2685998.58034889,239585.13394271,13.815511557963774,12.438697578375859,-1.376813979587915,Underpredicted
2689148.34307823,227252.71044488,10.463131911491969,12.327801464228049,1.8646695527360801,Overpredicted
2676224.72588089,229891.6949963,9.561067663645012,11.525568103145982,1.96450043950097,Overpredicted
2728591.20054406,265028.62242572,10.819798284210286,11.934420023983472,1.1146217397731863,Overpredicted
2674686.83886482,241084.20312305,15.444751293772969,11.602969830871185,-3.8417814629017837,Underpredicted
2674633.61587414,225216.07901947,10.12667110305036,11.457794831226268,1.3311237281759087,Overpredicted
2673215.05112597,239080.2120523,13.863348840666829,11.77638365404226,-2.0869651866245693,Underpredicted
2675560.10975607,232061.4130978,10.59665973278358,11.826500825196648,1.2298410924130678,Overpredicted
2689007.73804449,254764.36834797,12.59935045597284,11.241505729004048,-1.357844726968791,Underpredicted
2690427.74898398,249859.70788172,9.39274525863144,11.369891215259807,1.9771459566283678,Overpredicted
2690258.10693482,250979.88379097,10.11662117122102,11.248436570493975,1.1318153992729556,Overpredicted
2702143.01623581,247437.38037729,14.085538458535822,12.402908748663409,-1.6826297098724137,Underpredicted
2674294.03321998,228702.14914705,12.7806530458862,11.637373042991035,-1.1432800028951657,Underpredicted
2713455.91388556,260877.07725114,10.261196961231647,11.836924714004093,1.5757277527724458,Overpredicted
2668397.54009172,243280.94938572,15.444751293772969,11.929834296919283,-3.5149169968536853,Underpredicted
2674956.3839294,238764.06996804,10.12667110305036,11.541967558489194,1.4152964554388348,Overpredicted
2689518.09824423,253237.82120422,9.210440366976515,11.249885509961352,2.039445142984837,Overpredicted
2695167.08727431,264273.24073438,13.71015115341694,11.928558746435545,-1.7815924069813942,Underpredicted
2670753.9080824,241340.98804255,10.714439990727769,12.156817450736513,1.4423774600087444,Overpredicted
2699784.65152998,254258.29652546,9.39274525863144,11.34804194348974,1.9552966848583004,Overpredicted
2690253.64500147,252208.04111154,9.39274525863144,11.000082713637873,1.6073374550064337,Overpredicted
2676358.86996956,229054.60710354,10.12667110305036,11.853235839560181,1.7265647365098218,Overpredicted
2747182.7886889,290211.58813579,10.308985993422082,12.527048898014773,2.2180629045926903,Overpredicted
2706470.0020044,260773.44360013,10.203629181337648,11.688663169002044,1.485033987664396,Overpredicted
2693906.06879897,272864.99356396,15.01860327512709,11.807290341651859,-3.211312933475231,Underpredicted
2702899.42679648,254223.22441714,9.798182590890704,11.516766652894223,1.7185840620035187,Overpredicted
2690293.33980398,230253.52366896,14.301018989130402,12.923775442504883,-1.3772435466255182,Underpredicted
2696563.3840224,227317.23918721,10.819798284210286,12.90280882536622,2.083010541155934,Overpredicted
2674554.92738323,228108.89508422,10.463131911491969,11.621661923814086,1.1585300123221174,Overpredicted
2672498.85997306,243507.97649072,10.165890277802454,11.545144529522155,1.3792542517197006,Overpredicted
2710676.41255482,254170.26750205,10.373522431293592,11.626798582823723,1.2532761515301303,Overpredicted
2692698.62895665,263881.3573318,14.420919370067592,11.881565760817228,-2.539353609250364,Underpredicted
2669568.81071506,241501.0202028,15.444751293772969,12.130264316522718,-3.314486977250251,Underpredicted
2694417.79612198,251422.73592363,10.859018228147889,12.147183010361177,1.288164782213288,Overpredicted
2693268.30695115,252477.9903748,9.210440366976515,11.333895737219395,2.12345537024288,Overpredicted
2699208.97387557,263737.40519188,14.66495268918727,11.814872766124004,-2.850079923063266,Underpredicted
2675370.19839048,227768.1559363,9.53249633228804,11.780871734977818,2.2483754026897778,Overpredicted
2700023.88891239,253988.27672429,9.210440366976515,11.342396495242326,2.131956128265811,Overpredicted
2677171.08061548,239275.39768554,14.87786369040364,11.869372515737002,-3.008491174666638,Underpredicted
2702558.45733406,253515.47156754,12.758666695808335,11.520287112438531,-1.2383795833698041,Underpredicted
2671654.73042773,243204.35997197,10.308985993422082,11.787060669125143,1.478074675703061,Overpredicted
2699749.94753115,257922.9145243,10.32551474894327,11.686886257838093,1.3613715088948233,Overpredicted
2705085.36172906,247360.3076968,14.87786369040364,12.426487504408827,-2.451376185994812,Underpredicted
2711730.81562974,271648.09114213,11.51293546492023,12.971836180403042,1.4589007154828124,Overpredicted
2699378.63265698,255087.78469588,9.83097062169695,11.25651199462812,1.4255413729311694,Overpredicted
2710984.34993106,254259.27716655,10.618273908199557,11.776075979992827,1.1578020717932702,Overpredicted
2674212.64886831,269098.1913863,10.87806606028079,12.625836593151737,1.7477705328709465,Overpredicted
2699190.20324381,258470.31533238,10.275085591132717,11.745374796054989,1.4702892049222722,Overpredicted
2698581.34028831,257865.44219829,12.768000045345248,11.566127747434127,-1.2018722979111214,Underpredicted
2693214.51276739,252440.11085738,9.61587214452889,11.312282771692711,1.6964106271638215,Overpredicted
2700329.38075548,257030.30377671,10.308985993422082,11.439383277072416,1.1303972836503338,Overpredicted
2694012.40487239,273017.97750996,10.12667110305036,11.824503026570548,1.697831923520189,Overpredicted
2687618.41306722,248672.02390538,10.819798284210286,11.935044041154502,1.1152457569442156,Overpredicted
2706370.29551089,249649.43238363,13.590864628645196,11.863698515671421,-1.7271661129737748,Underpredicted
2690553.43311581,229555.2271653,9.210440366976515,12.14497817176891,2.934537804792395,Overpredicted
2704020.44095865,246534.67417747,14.66495268918727,12.921287502925365,-1.7436651862619055,Underpredicted
2684376.00944707,279505.8083663,11.918397239722838,13.661786216146488,1.7433889764236508,Overpredicted
2689916.9248744,250040.79347755,14.66495268918727,11.145615451494628,-3.5193372376926426,Underpredicted
2672542.08396798,240839.50774629,9.904037401341563,11.600792461776338,1.696755060434775,Overpredicted
2699725.32061189,261161.57602596,15.048726872113876,11.42784355795635,-3.620883314157526,Underpredicted
2691013.54144757,229889.10576263,14.301018989130402,13.022598314748524,-1.2784206743818771,Underpredicted
2690552.80122732,253234.11419064,9.699104418939656,11.064259897923572,1.3651554789839153,Overpredicted
2693803.8875729,246262.37124439,14.181022044407316,12.134664856227857,-2.046357188179458,Underpredicted
2705281.54473564,252127.69908063,13.590864628645196,10.993753362017674,-2.597111266627522,Underpredicted
2688738.05780956,252528.07262371,14.66495268918727,11.088397967969385,-3.576554721217885,Underpredicted
2687072.4069414,250497.0848878,12.765691290604371,11.227008152834413,-1.538683137769958,Underpredicted
2703380.16566439,252334.5320003,9.210440366976515,11.006458883514686,1.7960185165381706,Overpredicted
2729090.63852157,280089.10969312,9.210440366976515,12.730750301727044,3.5203099347505287,Overpredicted
2672587.31156781,239538.70883872,10.389026137075234,11.915793991003866,1.5267678539286322,Overpredicted
2696761.34458448,262707.07391922,9.210440366976515,12.128273456489845,2.91783308951333,Overpredicted
2706375.28204948,252378.18972138,10.12667110305036,11.445380996939345,1.318709893888986,Overpredicted
2699392.02633098,257511.61252539,12.823552947164703,11.613000050713564,-1.210552896451139,Underpredicted
2677797.88513614,230125.14302021,10.463131911491969,11.798958017679539,1.3358261061875698,Overpredicted
2688258.41277148,252204.80096056,12.59935045597284,10.908609527851961,-1.6907409281208778,Underpredicted
2693796.76619606,249727.75342122,15.048726872113876,11.463968258439536,-3.5847586136743406,Underpredicted
2671615.98312989,239469.57052554,9.305741456739437,11.969353740167918,2.663612283428481,Overpredicted
2669626.98677981,240557.89216779,15.444751293772969,11.777937584212342,-3.6668137095606266,Underpredicted
2712056.68243206,255494.22384363,15.01860327512709,11.809942372055923,-3.2086609030711664,Underpredicted
2697112.53318655,234058.01376338,14.316286451937186,12.903868285337865,-1.4124181665993216,Underpredicted
2673503.28545764,222584.3769338,10.308985993422082,11.680120305594803,1.371134312172721,Overpredicted
2676836.09965815,228683.07471013,15.444751293772969,12.145339223185795,-3.2994120705871737,Underpredicted
2674991.96358265,228604.77860688,15.048726872113876,11.737940733027255,-3.3107861390866216,Underpredicted
2714143.69138139,250233.97681822,13.772082044422817,12.055165258178645,-1.7169167862441714,Underpredicted
2677666.61144856,231431.54263838,9.90353755128617,11.921236875809566,2.017699324523395,Overpredicted
2701044.96036106,248420.74127147,10.463131911491969,12.224720358627813,1.7615884471358445,Overpredicted
2701208.55025698,250222.2192958,9.90353755128617,11.112190099256496,1.2086525479703258,Overpredicted
2691348.20285173,253749.4366508,9.90353755128617,11.344436186531809,1.440898635245638,Overpredicted
2701164.46865223,255063.36643763,12.768000045345248,11.316452598001232,-1.4515474473440158,Underpredicted
2705457.31570956,252478.30763139,9.852246888342531,11.085825936716873,1.2335790483743416,Overpredicted
2720631.49533489,259863.06123455,13.623139877437296,11.814484417120992,-1.808655460316304,Underpredicted
2676607.64210981,231866.99255489,9.64911129879082,11.6687992947452,2.0196879959543814,Overpredicted
2676050.8285909,239319.16728304,10.308985993422082,11.847373015638778,1.5383870222166962,Overpredicted
2745423.21970148,291827.16397288,10.373522431293592,12.59330795021253,2.219785518918938,Overpredicted
2699291.94844714,252793.94643579,12.7022951610422,11.207270808326928,-1.4950243527152711,Underpredicted
2694232.54189931,223468.82463996,10.308985993422082,12.080752317805,1.7717663243829183,Overpredicted
2696066.1212374,222951.5809238,11.225256725762891,12.765871306424597,1.540614580661705,Overpredicted
2687855.66062422,246428.14683147,14.674649181860952,11.855232403215236,-2.8194167786457154,Underpredicted
2691275.25778764,262735.44984671,10.308985993422082,11.774580495210753,1.4655945017886705,Overpredicted
2696741.91975456,274248.0806928,10.491301994830229,11.90134440458201,1.4100424097517816,Overpredicted
2676486.28277248,239390.78754663,14.66495268918727,12.041947245688485,-2.6230054434987853,Underpredicted
2689608.31952047,267061.44775638,9.90353755128617,11.808583643721594,1.9050460924354233,Overpredicted
2699299.29718573,259266.84326689,9.61587214452889,11.74502168505294,2.1291495405240504,Overpredicted
2694927.17502448,251296.9809258,10.12667110305036,11.24702126739734,1.1203501643469806,Overpredicted
2705033.0344059,253203.87507789,12.870604278843675,11.004498367528027,-1.866105911315648,Underpredicted
2700803.81320556,261004.15836179,9.90353755128617,11.278455465662624,1.3749179143764536,Overpredicted
2698971.03898397,257500.73525055,13.753340429968189,11.641817269203306,-2.1115231607648823,Underpredicted
2695695.80734548,253964.01594605,9.472781556562168,11.272236474527494,1.7994549179653259,Overpredicted
2678393.72712031,231487.96706621,10.59665973278358,11.867683908230145,1.2710241754465645,Overpredicted
2698670.36635698,257542.91528431,13.241310180065568,11.632763665153082,-1.6085465149124865,Underpredicted
2708960.38514698,254142.04282096,10.12667110305036,11.439969369463237,1.3132982664128772,Overpredicted
2694905.8578099,247838.31199013,13.527829818844936,12.190534719141757,-1.3372950997031783,Underpredicted
2691347.14773573,278649.76316239,10.819798284210286,12.204725246165287,1.384926961955001,Overpredicted
2709665.64456323,252807.5704243,15.01860327512709,11.340486131109074,-3.6781171440180156,Underpredicted
2688620.70404164,245415.28140314,10.714439990727769,12.0844145521942,1.3699745614664316,Overpredicted
2688503.57271422,229161.66167946,14.301018989130402,12.81978628133433,-1.481232707796071,Underpredicted
2704965.92397581,252211.10803455,13.106583527876811,10.846847219661475,-2.259736308215336,Underpredicted
2690498.64352722,270043.27545413,11.104972264124868,12.238439628483487,1.1334673643586193,Overpredicted
2726196.07541306,262750.41832072,10.59665973278358,12.03841875040444,1.4417590176208606,Overpredicted
2712633.5782599,255405.94777347,13.552508089888176,11.72994613279129,-1.8225619570968856,Underpredicted
2673119.92926897,242971.45459788,10.251429474400627,11.654879776970374,1.4034503025697465,Overpredicted
2716985.73326948,258600.3403348,10.59665973278358,11.715599755492079,1.1189400227084985,Overpredicted
2695995.86186348,272835.4339118,10.463131911491969,11.886420349808162,1.4232884383161934,Overpredicted
2693778.78690131,250533.35876538,13.169248871698304,11.715162784456194,-1.4540860872421106,Underpredicted
2694182.2844539,250640.42187147,9.90353755128617,11.573691030295729,1.6701534790095582,Overpredicted
2699356.75704457,248298.9180243,9.210440366976515,11.414840745348597,2.204400378372082,Overpredicted
2699717.56144106,259822.62955688,15.048726872113876,11.82414264603921,-3.2245842260746667,Underpredicted
2704948.95681815,252085.90749756,13.1021586292684,10.846211234846109,-2.255947394422291,Underpredicted
2676394.36202456,230597.29233839,13.90626583447433,11.73726139695095,-2.1690044375233803,Underpredicted
2669578.36843874,240658.1459043,15.444751293772969,11.678573140670398,-3.7661781531025706,Underpredicted
2703024.61191356,252386.79698764,13.618200431681036,10.847958306080754,-2.770242125600282,Underpredicted
2689456.80046657,227025.95368055,11.20914111049236,12.407835604470725,1.1986944939783637,Overpredicted
2712639.27509889,259662.72206829,10.819798284210286,11.941218057251895,1.121419773041609,Overpredicted
2674889.54219957,238440.93281905,9.855819258834629,11.744162780242759,1.8883435214081299,Overpredicted
2714273.67799807,250495.72662281,13.732130035981154,12.348611721488066,-1.383518314493088,Underpredicted
2718875.16682656,257586.56906839,9.61587214452889,11.879747617771816,2.2638754732429263,Overpredicted
2707034.72036314,248739.00507063,9.90353755128617,11.986504688189235,2.082967136903065,Overpredicted
2711045.00400923,249234.9968608,9.210440366976515,12.133868052216389,2.923427685239874,Overpredicted
2700150.04089107,263705.75597696,10.12667110305036,11.651805163269408,1.5251340602190488,Overpredicted
2701025.80259098,261909.0325363,10.12667110305036,11.53943729381681,1.412766190766451,Overpredicted
2691263.65380822,262743.25429305,10.463131911491969,11.774660192749277,1.3115282812573081,Overpredicted
2678538.71206656,230399.87836313,10.757924157061597,11.873724394670674,1.1158002376090774,Overpredicted
2693773.24622998,257663.24345571,10.16203685698089,11.366811301311571,1.2047744443306811,Overpredicted
2718759.76154557,254145.53133105,14.603968372873895,13.155579180825072,-1.4483891920488237,Underpredicted
2674762.75537965,229280.64438114,10.53212287826962,11.877500626881817,1.3453777486121972,Overpredicted
2695744.17995214,271084.81175688,10.799595985047786,11.953852269872826,1.1542562848250402,Overpredicted
2693562.83949856,248974.70079346,14.45736497045232,11.45021779227893,-3.0071471781733887,Underpredicted
2673298.56736314,240009.66918288,13.112315061750808,11.81610074732145,-1.296214314429358,Underpredicted
2673222.19415632,232524.83080614,10.308985993422082,11.885437336090057,1.5764513426679745,Overpredicted
2687737.22385323,251378.84001406,9.61587214452889,11.037705936118629,1.421833791589739,Overpredicted
2698718.91022314,258237.37879038,13.399996629152977,11.57128445335943,-1.8287121757935463,Underpredicted
2695529.90249357,260315.35429321,9.259225769705994,11.192524669023024,1.9332988993170304,Overpredicted
2698958.8359244,244540.75460888,11.51293546492023,12.639642391027214,1.1267069261069853,Overpredicted
2701801.29021323,250019.2039538,9.61587214452889,11.120551296156263,1.5046791516273732,Overpredicted
2723572.2453589,272896.55288404,11.149096419938578,12.413073262452363,1.2639768425137845,Overpredicted
2705685.90383506,249385.06841105,9.61587214452889,11.370724059232293,1.7548519147034032,Overpredicted
2682391.09773448,242992.66649772,13.71015115341694,12.10096915092438,-1.6091820024925596,Underpredicted
2706600.88428856,265246.4412158,10.165890277802454,11.69721172001536,1.5313214422129064,Overpredicted
2689134.53733157,267306.09818572,10.59665973278358,11.831383936726393,1.2347242039428128,Overpredicted
2693703.17583206,249418.02208529,10.085850775128716,11.456062254491165,1.3702114793624496,Overpredicted
2694484.45937447,250849.29940647,9.210440366976515,11.336126562155322,2.1256861951788064,Overpredicted
2687425.14409681,251546.56474422,9.581972891547895,11.29264315593715,1.710670264389254,Overpredicted
2675587.25668339,240813.45169605,15.444751293772969,11.951989563146833,-3.4927617306261354,Underpredicted
2695924.83313414,225011.07024314,10.714417768752456,12.17657470745082,1.4621569386983637,Overpredicted
2687078.70482907,244547.5003303,13.772082044422817,12.189634000122128,-1.5824480443006887,Underpredicted
2699383.10771364,257452.08016413,12.9137586237112,11.612299194857526,-1.3014594288536738,Underpredicted
2701400.31234065,254124.04646589,13.319422467956736,11.34286307751476,-1.9765593904419756,Underpredicted
2692847.94657139,261602.29660122,11.002116507732016,12.196828007164308,1.1947114994322927,Overpredicted
2676298.18505156,243520.45251563,10.12667110305036,11.990540055627946,1.8638689525775867,Overpredicted
2691002.54212573,251272.44783838,10.518700218288163,11.63527296155851,1.1165727432703463,Overpredicted
2689086.46656156,269710.92146005,11.097425172408933,12.41202105379624,1.3145958813873069,Overpredicted
2693337.83273073,233982.97487147,15.214942985487458,14.00834049851417,-1.2066024869732868,Underpredicted
2702257.84212165,255087.04683647,10.404293143019792,11.534477017818583,1.1301838747987905,Overpredicted
2688774.33267139,249307.91108505,9.798182590890704,11.745442084836274,1.9472594939455696,Overpredicted
2704341.89307165,252640.15179588,14.53902155645949,10.843196298361068,-3.695825258098422,Underpredicted
2701228.87830031,254947.83845347,14.45736497045232,11.316333866765717,-3.1410311036866023,Underpredicted
2699255.56203698,258951.74973696,10.491301994830229,11.740267950573461,1.2489659557432322,Overpredicted
2718786.57874915,259711.77643213,13.623139877437296,11.645061168817163,-1.9780787086201332,Underpredicted
2713178.08471681,266081.94577838,11.002116507732016,12.127893246314235,1.1257767385822195,Overpredicted
2694372.6029709,255169.26583213,10.239995502805316,11.536743218282982,1.2967477154776663,Overpredicted
2693148.36034064,267440.79214205,14.66495268918727,11.728417137140811,-2.9365355520464593,Underpredicted
2700308.53893365,264106.66167122,13.552508089888176,11.722291481579342,-1.8302166083088345,Underpredicted
2699193.43814547,259088.20090763,10.12667110305036,11.742242578338335,1.6155714752879753,Overpredicted
2720600.96258757,263472.90670513,10.819798284210286,11.942451797526006,1.1226535133157203,Overpredicted
2699202.87152556,258559.44704388,13.753340429968189,11.746447187048151,-2.0068932429200377,Underpredicted
2706438.76453406,248332.41828538,14.076500031686043,11.921550947203166,-2.154949084482878,Underpredicted
2677610.13059039,230317.03240022,10.819798284210286,12.094468281036733,1.2746699968264465,Overpredicted
2726804.90457597,285335.44106397,11.350418300109132,12.488504174860132,1.1380858747510008,Overpredicted
2690384.59880781,252982.95852497,9.38429367909962,11.068112525873662,1.6838188467740416,Overpredicted
2693576.30764748,247088.6507598,15.516232738904357,13.066941635583774,-2.449291103320583,Underpredicted
2689721.22415031,267552.89067113,14.680541679094103,11.841845366542469,-2.838696312551635,Underpredicted
2679300.73580498,229281.00789747,9.90353755128617,11.565766135636844,1.6622285843506734,Overpredicted
2707510.77321681,250320.62034571,14.53902155645949,11.831632296120532,-2.7073892603389584,Underpredicted
2698623.50621448,258169.66731164,10.308985993422082,11.569816990061954,1.2608309966398714,Overpredicted
2694906.84041947,253481.59302638,10.308985993422082,11.502284930126518,1.1932989367044353,Overpredicted
2714669.93573573,258018.80672097,14.018452218287162,11.499500484442926,-2.5189517338442364,Underpredicted
2695853.27356598,226319.32943763,11.775297421715829,13.10561885635379,1.3303214346379608,Overpredicted
2693180.56139173,248883.76101471,13.732130035981154,11.462620207833876,-2.269509828147278,Underpredicted
2677341.22397597,241224.81045339,9.61587214452889,11.721152337248961,2.1052801927200715,Overpredicted
2699141.19218698,258703.86735871,10.53212287826962,11.737609075756875,1.2054861974872555,Overpredicted
2677302.24669173,230312.07112405,15.048726872113876,11.791395307208283,-3.257331564905593,Underpredicted
2678059.35639797,230596.99607913,10.714439990727769,12.06588573795003,1.351445747222261,Overpredicted
2703880.3178793,268519.76078463,10.650199196425806,11.773464447765736,1.1232652513399302,Overpredicted
2695323.89601581,252990.5562788,9.741027444837728,11.213650874218589,1.4726234293808602,Overpredicted
2697879.10645656,251559.04437804,9.210440366976515,11.077456287913623,1.8670159209371082,Overpredicted
2709603.5190313198,249735.29605705,12.721888795877376,11.56558734948323,-1.1563014463941457,Underpredicted
2702592.46874897,252141.78337005,9.210440366976515,10.990581493247976,1.7801411262714613,Overpredicted
2698967.48846614,256835.03415413,13.753340429968189,11.465449347513086,-2.2878910824551024,Underpredicted
2705779.75305681,252302.51795672,9.210440366976515,11.062031922829883,1.8515915558533678,Overpredicted
2694126.02406773,250197.70720571,10.308985993422082,11.517942055433696,1.2089560620116142,Overpredicted
2677014.56189965,229638.2840858,10.12667110305036,11.818710621928515,1.6920395188781558,Overpredicted
2702143.01623581,247437.38037729,14.085538458535822,12.335527952056891,-1.7500105064789313,Underpredicted
2671123.54579456,239230.91089788,10.62135173563291,11.868154975074846,1.2468032394419364,Overpredicted
2710932.46125531,253644.76428796,10.308985993422082,11.556390417630992,1.2474044242089093,Overpredicted
2688196.50738348,247100.85874063,9.90353755128617,11.95521987089924,2.05168231961307,Overpredicted
2691948.01234764,268950.27173463,11.350418300109132,12.596774724126234,1.2463564240171028,Overpredicted
2713149.22027323,257585.52477913,10.221977646629885,11.875083770104341,1.6531061234744566,Overpredicted
2709316.81159948,249962.2650913,15.01860327512709,11.582091769557204,-3.436511505569886,Underpredicted
2689616.86084197,246789.4466338,14.53902155645949,11.846854188918046,-2.692167367541444,Underpredicted
2671070.77555889,239557.41155721,15.444751293772969,11.868193389999421,-3.5765579037735478,Underpredicted
2689587.83530948,244310.09693372,13.384729180332174,11.875294347705312,-1.5094348326268623,Underpredicted
2674594.53721215,227353.36870813,12.7806530458862,11.520650842358744,-1.2600022035274563,Underpredicted
2677849.78004548,261381.14546871,9.39274525863144,13.229880222748193,3.8371349641167534,Overpredicted
2702143.01623581,247437.38037729,14.085538458535822,12.320115211434672,-1.7654232471011504,Underpredicted
2703993.27565865,247795.21233881,14.53902155645949,12.351101919350258,-2.187919637109232,Underpredicted
2693085.50416714,226864.6538063,10.491301994830229,12.349357762126326,1.8580557672960971,Overpredicted
2675352.51633923,228293.08303605,13.90626583447433,11.828692095485346,-2.077573738988985,Underpredicted
2694983.78449132,256234.76599772,10.5713425658087,11.999518468644892,1.4281759028361911,Overpredicted
2717379.27841415,261236.21268772,10.12667110305036,11.822444983238672,1.6957738801883124,Overpredicted
2690736.51608297,234838.8130548,14.006131744018864,12.8274524267131,-1.1786793173057646,Underpredicted
2701969.29906356,254110.1308113,12.758666695808335,11.407943855504445,-1.3507228403038898,Underpredicted
2691973.32988231,223745.85164496,10.819798284210286,12.359796327596523,1.5399980433862375,Overpredicted
2699665.69277839,258956.96265306,14.680541679094103,11.784946935490224,-2.89559474360388,Underpredicted
2712622.61994848,255395.53834547,13.753340429968189,11.72975913861245,-2.0235812913557396,Underpredicted
2702459.15011798,252775.15841563,9.61587214452889,10.744346304129568,1.1284741596006782,Overpredicted
2699331.5310451398,260058.12646122,13.753340429968189,11.709453788843913,-2.043886641124276,Underpredicted
2693803.23534323,249197.61274922,13.772082044422817,11.457652770612523,-2.314429273810294,Underpredicted
2698409.20119689,256979.16673988,10.434145214930489,11.688177081840424,1.2540318669099353,Overpredicted
2668392.32717565,243311.02839381,15.444751293772969,11.929880042344518,-3.514871251428451,Underpredicted
2675255.91777915,232583.4573293,14.66495268918727,11.860905716231168,-2.804046972956103,Underpredicted
2671203.8776549,237776.40855755,13.863348840666829,11.843848795818081,-2.0195000448487477,Underpredicted
2705691.17547806,254023.32258597,13.590864628645196,11.066465384915393,-2.5243992437298033,Underpredicted
2697108.97512281,250475.08952497,13.440091026807504,11.806738195013173,-1.6333528317943315,Underpredicted
2702713.68504198,252396.80451354,9.798182590890704,10.99299255917711,1.194809968286405,Overpredicted
2696854.75548689,256757.94080438,10.96993815439584,12.131658429838716,1.1617202754428764,Overpredicted
2701373.67623906,261140.14955963,13.552508089888176,11.525028425283269,-2.0274796646049076,Underpredicted
2689960.9700619,254443.94871321,14.66495268918727,11.27128151042324,-3.3936711787640306,Underpredicted
2673861.86872998,225375.09740222,10.308985993422082,11.53564444494443,1.226658451522347,Overpredicted
2691804.98868357,228590.73598404,10.714439990727769,13.287076281682815,2.572636290955046,Overpredicted
2693990.7927109,272119.97405663,10.308985993422082,11.840759119486451,1.531773126064369,Overpredicted
2718636.9540484,261890.85114221,10.308985993422082,11.628474697491528,1.319488704069446,Overpredicted
2673507.4672078,225894.94642814,9.61587214452889,11.393123247290262,1.7772511027613724,Overpredicted
2692492.91545731,261937.9419273,11.674202123168431,12.95941716435665,1.2852150411882182,Overpredicted
2698148.16398931,242010.93388113,10.59665973278358,12.783731354366692,2.1870716215831116,Overpredicted
2707055.18423298,251968.85720672,14.076500031686043,11.224381923454454,-2.85211810823159,Underpredicted
2673511.92323564,232606.42349072,9.305741456739437,11.801202166795191,2.495460710055754,Overpredicted
2670902.7778634,239792.06758396,15.444751293772969,11.765797392083385,-3.6789539016895834,Underpredicted
2703328.27337973,247683.51407138,11.484464260148194,12.95481951185881,1.4703552517106164,Overpredicted
2690286.69185139,255273.14095247,13.618200431681036,11.745700145543967,-1.8725002861370683,Underpredicted
2698929.31170523,237696.07768147,14.220976332738882,12.914963376670627,-1.3060129560682547,Underpredicted
2700224.27171373,264250.15154171,12.758666695808335,11.64228023495187,-1.1163864608564644,Underpredicted
2715057.22925247,257349.78607738,14.45736497045232,11.49311690593696,-2.9642480645153597,Underpredicted
2677588.88391373,241360.75965655,10.25769445336048,11.701173669746266,1.4434792163857857,Overpredicted
2694836.00394697,269994.68007888,10.59665973278358,12.05302884677826,1.456369113994679,Overpredicted
2700416.71030523,262940.90547255,10.292179440058462,11.669727558063913,1.3775481180054516,Overpredicted
2704060.30111514,249490.41596939,14.076500031686043,12.384021641627138,-1.6924783900589055,Underpredicted
2674455.77994373,229343.26859972,10.714439990727769,12.027655350311257,1.313215359583488,Overpredicted
2672646.39478298,240100.00003897,10.12667110305036,11.857562115449621,1.7308910123992618,Overpredicted
2704070.15444189,248825.11808738,14.87786369040364,12.183246919273458,-2.694616771130182,Underpredicted
2705658.2831554,254144.4201128,10.12667110305036,11.25117488425467,1.1245037812043108,Overpredicted
2705456.05947848,252692.19368654,9.61587214452889,11.086618668868294,1.470746524339404,Overpredicted
2675387.21115173,232608.94120221,9.852246888342531,12.138426287940487,2.2861793995979554,Overpredicted
2674694.85197215,241742.91013896,9.39274525863144,11.781096783072826,2.3883515244413864,Overpredicted
2674103.43484789,228318.36284113,15.048726872113876,11.76845474023793,-3.2802721318759467,Underpredicted
2675765.64576231,230102.83991522001,10.576457535657257,11.76125824920529,1.184800713548034,Overpredicted
2705435.42369297,253610.82177055,13.1021586292684,11.218383523557424,-1.883775105710976,Underpredicted
2718979.48321898,259663.12462655,10.545367754151744,11.70762852421745,1.1622607700657053,Overpredicted
2674224.74398848,232526.65593372,9.61587214452889,11.936534875532036,2.3206627310031465,Overpredicted
2703131.52377322,248793.3599488,10.59665973278358,12.387266679333802,1.7906069465502217,Overpredicted
2707171.38085099,250443.29103214,13.590864628645196,11.418682131209847,-2.172182497435349,Underpredicted
2703583.47595331,253941.72793289,13.319422467956736,11.521671299454619,-1.797751168502117,Underpredicted
2674510.18108164,232229.83467697,10.757924157061597,12.309571906247854,1.551647749186257,Overpredicted
2711420.42353398,256788.37184589,9.61587214452889,11.818800582529008,2.202928438000118,Overpredicted
2690474.49823432,254037.41442131,14.66495268918727,11.498750918126685,-3.166201771060585,Underpredicted
2674400.62290181,241677.16519171,10.308985993422082,11.779211958984522,1.47022596556244,Overpredicted
2690911.72636248,255180.26581013,14.680541679094103,11.644834355031646,-3.0357073240624572,Underpredicted
2694285.18418248,226542.65379412,10.799595985047786,12.708418680229336,1.9088226951815503,Overpredicted
2712329.41876324,255101.87817164,10.4193305681139,11.786006214652776,1.3666756465388765,Overpredicted
2700243.01347415,258270.82360539,13.552508089888176,11.746890178260916,-1.8056179116272606,Underpredicted
2671211.07711557,247576.11271138,10.829748417047592,12.079331381432736,1.2495829643851444,Overpredicted
2704011.71098922,269703.8870253,10.59665973278358,11.764389982711297,1.1677302499277165,Overpredicted
2715650.75365599,264394.67225005,10.12667110305036,11.969124597625754,1.8424534945753948,Overpredicted
2699734.99710172,258504.2480073,10.308985993422082,11.783677233904866,1.4746912404827839,Overpredicted
2705143.73398764,251454.91893013,9.210440366976515,10.783956952606204,1.5735165856296884,Overpredicted
2690583.50031289,239652.61970013,15.53827733427679,14.027171468899802,-1.5111058653769884,Underpredicted
2670631.54645048,233824.94139488,10.819798284210286,12.029837096332628,1.2100388121223418,Overpredicted
2693622.17665023,273091.21948947,11.002116507732016,12.122893294147614,1.1207767864155986,Overpredicted
2674396.87225315,228179.65314479,13.90626583447433,11.607025795285251,-2.2992400391890797,Underpredicted
2695608.43875381,260102.07880113,9.61587214452889,11.165384993494662,1.5495128489657723,Overpredicted
2698426.29827556,252946.45630138,9.61587214452889,10.931518417123778,1.315646272594888,Overpredicted
2686293.98264523,231003.05825913,10.714439990727769,12.068453787790192,1.3540137970624233,Overpredicted
2699553.82620423,248622.02203688,12.323860125621126,11.182039747292661,-1.1418203783284646,Underpredicted
2693758.5156164,246767.01918522,15.516232738904357,12.591990900611766,-2.924241838292591,Underpredicted
2724038.79527882,284554.95246747,11.561725152903833,12.734392036150972,1.172666883247139,Overpredicted
2699200.79147723,256851.24311121,13.552508089888176,11.574852094329765,-1.9776559955584112,Underpredicted
2693724.1475749,250129.22505921,9.90353755128617,11.451500753469364,1.547963202183194,Overpredicted
2699342.04841256,260132.24245472,13.753340429968189,11.71035834101426,-2.042982088953929,Underpredicted
2698510.75184681,257354.93173638,9.61587214452889,11.63752072659658,2.021648582067691,Overpredicted
2702945.49428965,261187.19506921,15.01860327512709,11.437155718424275,-3.5814475567028143,Underpredicted
2705820.33565281,254049.25166796,14.076500031686043,11.068184104034032,-3.0083159276520117,Underpredicted
2692222.34578848,252601.50029838,15.048726872113876,11.441153379516894,-3.6075734925969822,Underpredicted
2702985.24421014,252102.5049053,9.61587214452889,10.918133561102028,1.3022614165731383,Overpredicted
2709008.25086489,252823.73804288,13.42986425349204,11.32243932467589,-2.1074249288161493,Underpredicted
2674592.05690214,227494.6013653,9.568084743872936,11.52023462604572,1.952149882172785,Overpredicted
2673053.55210514,239007.19907497,10.404293143019792,11.768852008390525,1.3645588653707321,Overpredicted
2678225.61984497,228172.21582371,12.56369114418112,11.347464132707676,-1.2162270114734444,Underpredicted
2679656.81350489,242494.84761147,10.645448706505872,12.002922379725138,1.3574736732192658,Overpredicted
2673439.00080931,237514.29753321,10.275085591132717,11.910486404066173,1.6354008129334563,Overpredicted
2707751.12837915,253806.23214088,12.870604278843675,11.355979492073098,-1.514624786770577,Underpredicted
